{"cameraMode":{"drawMode":0,"name":"Shaded","section":"Shading Mode"},"sceneLighting":true,"audioPlay":false,"sceneViewState":{"showFog":true,"showMaterialUpdate":false,"showSkybox":true,"showFlares":true,"showImageEffects":true,"showParticleSystems":true},"in2DMode":false,"pivot":{"x":204.2891845703125,"y":430.546875,"z":-25.875},"rotation":{"x":0.029995447024703027,"y":-0.0014993245713412762,"z":0.00004499320493778214,"w":0.9995489716529846},"size":337.10504150390627,"orthographic":true}