{"cameraMode":{"drawMode":0,"name":"Shaded","section":"Shading Mode"},"sceneLighting":false,"audioPlay":false,"sceneViewState":{"showFog":true,"showMaterialUpdate":false,"showSkybox":false,"showFlares":true,"showImageEffects":true,"showParticleSystems":true},"in2DMode":false,"pivot":{"x":1.9299999475479127,"y":1.5,"z":10.020000457763672},"rotation":{"x":0.18765977025032044,"y":0.2939586639404297,"z":-0.05897664651274681,"w":0.9353585839271545},"size":1.3989667892456055,"orthographic":false}